{
    "TriangularCupola": {
        "TotalOptimized": 1.59786e6,
        "Angles": [
            -3.00354,
            3.14159,
            3.07807
        ]
    },
    "Cube": {
        "TotalOptimized": 1.00695e6,
        "Angles": [
            0.0462637,
            -0.878659,
            1.38533
        ]
    },
    "SquareCupola": {
        "TotalOptimized": 2.17859e6,
        "Angles": [
            -3.00908,
            2.74938,
            3.08589
        ]
    },
    "BiaugmentedTriangularPrism": {
        "TotalOptimized": 1.96094e6,
        "Angles": [
            -0.801447,
            2.50429,
            2.12177
        ]
    },
    "AugmentedTridiminishedIcosahedron": {
        "TotalOptimized": 1.88023e6,
        "Angles": [
            -3.14159,
            1.40529,
            3.14159
        ]
    },
    "TridiminishedIcosahedron": {
        "TotalOptimized": 1.51203e6,
        "Angles": [
            -3.14159,
            3.14159,
            3.14159
        ]
    },
    "{Antiprism, 4}": {
        "TotalOptimized": 1.65683e6,
        "Angles": [
            1.16405,
            -0.726383,
            -0.240206
        ]
    },
    "ElongatedSquarePyramid": {
        "TotalOptimized": 1.60462e6,
        "Angles": [
            -1.9595,
            0.905677,
            1.28147
        ]
    },
    "TriaugmentedTriangularPrism": {
        "TotalOptimized": 2.33418e6,
        "Angles": [
            1.62544,
            -3.06769,
            -2.50403
        ]
    },
    "GyroelongatedSquarePyramid": {
        "TotalOptimized": 2.23405e6,
        "Angles": [
            -0.630956,
            -0.20678,
            0.636513
        ]
    },
    "ElongatedSquareDipyramid": {
        "TotalOptimized": 1.94971e6,
        "Angles": [
            1.41415,
            1.88347,
            1.24725
        ]
    },
    "MetabidiminishedIcosahedron": {
        "TotalOptimized": 2.31452e6,
        "Angles": [
            3.14155,
            0.938881,
            -0.0751066
        ]
    },
    "{Antiprism, 5}": {
        "TotalOptimized": 1.94505e6,
        "Angles": [
            -1.84945,
            2.08011,
            2.37551
        ]
    },
    "{Prism, 5}": {
        "TotalOptimized": 1.19069e6,
        "Angles": [
            1.14285,
            1.22426,
            0.451545
        ]
    },
    "GyroelongatedSquareDipyramid": {
        "TotalOptimized": 2.60789e6,
        "Angles": [
            2.17493,
            -0.125757,
            -0.179758
        ]
    },
    "Sphenocorona": {
        "TotalOptimized": 2.50856e6,
        "Angles": [
            -3.14159,
            3.14159,
            2.71784
        ]
    },
    "BiaugmentedPentagonalPrism": {
        "TotalOptimized": 2.26034e6,
        "Angles": [
            0.993741,
            1.19316,
            0.610936
        ]
    },
    "TruncatedTetrahedron": {
        "TotalOptimized": 1.31771e6,
        "Angles": [
            -0.206758,
            0.41555,
            1.12671
        ]
    },
    "{Antiprism, 6}": {
        "TotalOptimized": 2.27386e6,
        "Angles": [
            0.581448,
            1.5708,
            0.834024
        ]
    },
    "ElongatedPentagonalPyramid": {
        "TotalOptimized": 2.09979e6,
        "Angles": [
            -2.77859,
            2.62707,
            2.95802
        ]
    },
    "GyroelongatedPentagonalPyramid": {
        "TotalOptimized": 2.8801e6,
        "Angles": [
            -2.73721,
            2.51882,
            2.91091
        ]
    },
    "{Prism, 6}": {
        "TotalOptimized": 1.32126e6,
        "Angles": [
            -2.07036,
            2.03774,
            2.53313
        ]
    },
    "AugmentedHexagonalPrism": {
        "TotalOptimized": 1.91797e6,
        "Angles": [
            0.167012,
            2.26476,
            1.44117
        ]
    },
    "MetabiaugmentedHexagonalPrism": {
        "TotalOptimized": 2.47723e6,
        "Angles": [
            0.0112483,
            2.1702,
            1.55927
        ]
    },
    "ParabiaugmentedHexagonalPrism": {
        "TotalOptimized": 2.26344e6,
        "Angles": [
            0.791693,
            -0.158427,
            -0.549106
        ]
    },
    "TriaugmentedHexagonalPrism": {
        "TotalOptimized": 2.8547e6,
        "Angles": [
            0.207165,
            1.5708,
            1.36363
        ]
    },
    "ElongatedPentagonalDipyramid": {
        "TotalOptimized": 2.43827e6,
        "Angles": [
            -0.314169,
            3.1338,
            1.57333
        ]
    },
    "Cuboctahedron": {
        "TotalOptimized": 2.25153e6,
        "Angles": [
            1.67851,
            -0.818158,
            -0.00271277
        ]
    },
    "Icosahedron": {
        "TotalOptimized": 3.18732e6,
        "Angles": [
            2.57047,
            -0.146488,
            -0.48172
        ]
    },
    "PentagonalGyrobicupola": {
        "TotalOptimized": 3.52249e6,
        "Angles": [
            0.00702579,
            2.00822,
            1.00197
        ]
    },
    "PentagonalOrthobicupola": {
        "TotalOptimized": 3.52641e6,
        "Angles": [
            2.41515,
            -1.85712,
            -1.33418
        ]
    },
    "Hebesphenomegacorona": {
        "TotalOptimized": 3.56041e6,
        "Angles": [
            -2.71763,
            2.36159,
            2.87972
        ]
    },
    "RhombicDodecahedron": {
        "TotalOptimized": 1.93975e6,
        "Angles": [
            2.66342,
            0.517163,
            -0.260874
        ]
    },
    "AugmentedTruncatedTetrahedron": {
        "TotalOptimized": 2.53936e6,
        "Angles": [
            3.09467,
            0.16042,
            -0.0133846
        ]
    },
    "{Antiprism, 10}": {
        "TotalOptimized": 3.52218e6,
        "Angles": [
            -1.5038e-8,
            2.127,
            1.47923
        ]
    },
    "GyroelongatedTriangularCupola": {
        "TotalOptimized": 3.47299e6,
        "Angles": [
            -3.11457,
            3.14159,
            3.12458
        ]
    },
    "ElongatedTriangularCupola": {
        "TotalOptimized": 2.53729e6,
        "Angles": [
            -3.12874,
            3.14159,
            3.12713
        ]
    },
    "SquareGyrobicupola": {
        "TotalOptimized": 2.89667e6,
        "Angles": [
            3.14159,
            -1.91238,
            -0.785398
        ]
    },
    "SquareOrthobicupola": {
        "TotalOptimized": 2.88698e6,
        "Angles": [
            0.827177,
            -0.518572,
            -0.336687
        ]
    },
    "SnubSquareAntiprism": {
        "TotalOptimized": 4.16613e6,
        "Angles": [
            -0.711923,
            1.76971,
            1.26526
        ]
    },
    "{Prism, 10}": {
        "TotalOptimized": 1.95203e6,
        "Angles": [
            -0.650988,
            1.96147,
            1.46637
        ]
    },
    "PentagonalRotunda": {
        "TotalOptimized": 3.49662e6,
        "Angles": [
            -3.07186,
            2.41927,
            3.11022
        ]
    },
    "GyroelongatedTriangularBicupola": {
        "TotalOptimized": 4.15069e6,
        "Angles": [
            2.36053,
            0.952227,
            -0.206674
        ]
    },
    "ElongatedTriangularGyrobicupola": {
        "TotalOptimized": 3.19415e6,
        "Angles": [
            2.5953,
            0.828282,
            -0.122468
        ]
    },
    "ElongatedTriangularOrthobicupola": {
        "TotalOptimized": 3.21974e6,
        "Angles": [
            2.58288,
            -0.475035,
            -2.23689
        ]
    },
    "ElongatedDodecahedron": {
        "TotalOptimized": 1.94327e6,
        "Angles": [
            2.70381,
            0.790256,
            -0.187353
        ]
    },
    "GyroelongatedSquareCupola": {
        "TotalOptimized": 4.67886e6,
        "Angles": [
            -3.07301,
            2.31445,
            3.10834
        ]
    },