{
    "TriangularCupola": {
        "TotalOptimized": 1.59786e6,
        "Angles": [
            -3.00354,
            3.14159,
            3.07807
        ]
    }
}