{
    "TriangularCupola": [
        1.59698e6,
        {
            "a": -1.03411,
            "b": 1.71994,
            "c": 1.08618
        }
    ],
    "Cube": [
        1.00303e6,
        {
            "a": -1.57142,
            "b": 2.08025,
            "c": 0.622429
        }
    ]
}